{"_type":"export","__export_format":4,"__export_date":"2022-10-07T13:12:22.155Z","__export_source":"insomnia.desktop.app:v2022.6.0","resources":[{"_id":"req_0e7469404a804ca0a94674eeccee9dea","parentId":"wrk_5331245fe5d8413f9bef9d2d8bd860f6","modified":1660564523491,"created":1660564106423,"url":"http://localhost:3000/clientes","name":"Listra pedidos","description":"","method":"GET","body":{},"parameters":[],"headers":[],"authentication":{},"metaSortKey":-1660564106423,"isPrivate":false,"settingStoreCookies":true,"settingSendCookies":true,"settingDisableRenderRequestBody":false,"settingEncodeUrl":true,"settingRebuildPath":true,"settingFollowRedirects":"global","_type":"request"},{"_id":"wrk_5331245fe5d8413f9bef9d2d8bd860f6","parentId":null,"modified":1660564059039,"created":1660564059039,"name":"pedidos","description":"","scope":"collection","_type":"workspace"},{"_id":"req_a24107d0e9a247b582fa10764e32b859","parentId":"wrk_5331245fe5d8413f9bef9d2d8bd860f6","modified":1660565269507,"created":1660565204624,"url":"","name":"New Request","description":"","method":"POST","body":{"mimeType":"application/json","text":""},"parameters":[],"headers":[{"name":"Content-Type","value":"application/json","id":"pair_e424c6b930264fa480017fe5c76187dc"}],"authentication":{},"metaSortKey":-1660565204624,"isPrivate":false,"settingStoreCookies":true,"settingSendCookies":true,"settingDisableRenderRequestBody":false,"settingEncodeUrl":true,"settingRebuildPath":true,"settingFollowRedirects":"global","_type":"request"},{"_id":"req_f52306bb13b14c639387953d4eb889d2","parentId":"wrk_c44afb13ea204bbd9aa15727e111323f","modified":1662031896544,"created":1661861496862,"url":"http://localhost:3000/produto/CA8754","name":"produto","description":"","method":"GET","body":{"mimeType":"application/json","text":"{\n\t\"cod\": \"CA8754\",\n\t\"nome\": \"Camiseta Confortavel\",\n\t\"quantidade\": 15,\n\t\"preco\" : 30.90\n}"},"parameters":[],"headers":[{"name":"Content-Type","value":"application/json","id":"pair_2aa06d2fc5374da0ae866f8f0860df03"}],"authentication":{},"metaSortKey":-1661861496862,"isPrivate":false,"settingStoreCookies":true,"settingSendCookies":true,"settingDisableRenderRequestBody":false,"settingEncodeUrl":true,"settingRebuildPath":true,"settingFollowRedirects":"global","_type":"request"},{"_id":"wrk_c44afb13ea204bbd9aa15727e111323f","parentId":null,"modified":1661436925584,"created":1661436925584,"name":"Clientes","description":"","scope":"collection","_type":"workspace"},{"_id":"req_52a567b145144dd4848da41b915ba7c3","parentId":"fld_5d81d972b67245a68a08b5a98bc789aa","modified":1661778541047,"created":1661436952902,"url":"http://localhost:5000/academia/alunos","name":"alunos","description":"","method":"GET","body":{},"parameters":[],"headers":[],"authentication":{},"metaSortKey":-1661436952902,"isPrivate":false,"settingStoreCookies":true,"settingSendCookies":true,"settingDisableRenderRequestBody":false,"settingEncodeUrl":true,"settingRebuildPath":true,"settingFollowRedirects":"global","_type":"request"},{"_id":"fld_5d81d972b67245a68a08b5a98bc789aa","parentId":"wrk_c44afb13ea204bbd9aa15727e111323f","modified":1661778446241,"created":1661778446241,"name":"academia","description":"","environment":{},"environmentPropertyOrder":null,"metaSortKey":-1661778446241,"_type":"request_group"},{"_id":"req_94ea970e71d841dda20c71cfa168ed2f","parentId":"fld_5d81d972b67245a68a08b5a98bc789aa","modified":1661778566087,"created":1661778452626,"url":"http://localhost:5000/academia/Aparelho","name":"aparelho","description":"","method":"GET","body":{},"parameters":[],"headers":[],"authentication":{},"metaSortKey":-1661436952952,"isPrivate":false,"settingStoreCookies":true,"settingSendCookies":true,"settingDisableRenderRequestBody":false,"settingEncodeUrl":true,"settingRebuildPath":true,"settingFollowRedirects":"global","_type":"request"},{"_id":"req_86ab05587a1f4f02b80d932809d4e18b","parentId":"fld_5d81d972b67245a68a08b5a98bc789aa","modified":1661778713991,"created":1661778689209,"url":"http://localhost:5000/academia/telefones","name":"telefones","description":"","method":"GET","body":{},"parameters":[],"headers":[],"authentication":{},"metaSortKey":-1661436952927,"isPrivate":false,"settingStoreCookies":true,"settingSendCookies":true,"settingDisableRenderRequestBody":false,"settingEncodeUrl":true,"settingRebuildPath":true,"settingFollowRedirects":"global","_type":"request"},{"_id":"req_ee9eb70ea4074a2a9e9452d1c68de2ff","parentId":"fld_5d81d972b67245a68a08b5a98bc789aa","modified":1661778740849,"created":1661778724286,"url":"http://localhost:5000/academia/fichas","name":"fichas","description":"","method":"GET","body":{},"parameters":[],"headers":[],"authentication":{},"metaSortKey":-1661001078763,"isPrivate":false,"settingStoreCookies":true,"settingSendCookies":true,"settingDisableRenderRequestBody":false,"settingEncodeUrl":true,"settingRebuildPath":true,"settingFollowRedirects":"global","_type":"request"},{"_id":"req_c8bda4fb90b642bf8269b96994af6ecc","parentId":"fld_5d81d972b67245a68a08b5a98bc789aa","modified":1661781907776,"created":1661778750479,"url":"http://localhost:5000/academia/vw_fichas","name":"Exercicios","description":"","method":"GET","body":{},"parameters":[],"headers":[],"authentication":{},"metaSortKey":-1660783141693.5,"isPrivate":false,"settingStoreCookies":true,"settingSendCookies":true,"settingDisableRenderRequestBody":false,"settingEncodeUrl":true,"settingRebuildPath":true,"settingFollowRedirects":"global","_type":"request"},{"_id":"req_4a9ea3ef4a97443d95eb57c01d1a448f","parentId":"fld_5d81d972b67245a68a08b5a98bc789aa","modified":1661782998022,"created":1661782993433,"url":"http://localhost:5000/academia/vw_exercicio","name":"vw_exercicio","description":"","method":"GET","body":{},"parameters":[],"headers":[],"authentication":{},"metaSortKey":-1660674173158.75,"isPrivate":false,"settingStoreCookies":true,"settingSendCookies":true,"settingDisableRenderRequestBody":false,"settingEncodeUrl":true,"settingRebuildPath":true,"settingFollowRedirects":"global","_type":"request"},{"_id":"req_d9284fb16a3e407288f4245faf5dd08d","parentId":"fld_5d81d972b67245a68a08b5a98bc789aa","modified":1661860825946,"created":1661783013561,"url":"http://localhost:3000/produto","name":"vw_fichas","description":"","method":"GET","body":{},"parameters":[],"headers":[],"authentication":{},"metaSortKey":-1660619688891.375,"isPrivate":false,"settingStoreCookies":true,"settingSendCookies":true,"settingDisableRenderRequestBody":false,"settingEncodeUrl":true,"settingRebuildPath":true,"settingFollowRedirects":"global","_type":"request"},{"_id":"req_027e8f7a448f401798c8b31317de8e47","parentId":"wrk_cadae2f5698b4cbeabd46abf1d920b46","modified":1662377081617,"created":1661540756760,"url":"http://localhost:5000/lojinha/produto","name":"clientes","description":"","method":"GET","body":{},"parameters":[],"headers":[],"authentication":{},"metaSortKey":-1661540756760,"isPrivate":false,"settingStoreCookies":true,"settingSendCookies":true,"settingDisableRenderRequestBody":false,"settingEncodeUrl":true,"settingRebuildPath":true,"settingFollowRedirects":"global","_type":"request"},{"_id":"wrk_cadae2f5698b4cbeabd46abf1d920b46","parentId":null,"modified":1661540754074,"created":1661540754074,"name":"duplicatas","description":"","scope":"collection","_type":"workspace"},{"_id":"req_b5d9fc790a104c4a9a729c3b223fff0a","parentId":"wrk_cadae2f5698b4cbeabd46abf1d920b46","modified":1661540849697,"created":1661540845860,"url":"http://localhost:3000/duplicatas/duplicatas","name":"duplicatas","description":"","method":"GET","body":{},"parameters":[],"headers":[],"authentication":{},"metaSortKey":-1661539579304.5,"isPrivate":false,"settingStoreCookies":true,"settingSendCookies":true,"settingDisableRenderRequestBody":false,"settingEncodeUrl":true,"settingRebuildPath":true,"settingFollowRedirects":"global","_type":"request"},{"_id":"req_cbda2ec20b8e4bc18ea2266f3e980bdf","parentId":"wrk_cadae2f5698b4cbeabd46abf1d920b46","modified":1661540868664,"created":1661540866145,"url":"http://localhost:3000/duplicatas/duplicatasaberto","name":"duplicatas_aberto","description":"","method":"GET","body":{},"parameters":[],"headers":[],"authentication":{},"metaSortKey":-1661538990576.75,"isPrivate":false,"settingStoreCookies":true,"settingSendCookies":true,"settingDisableRenderRequestBody":false,"settingEncodeUrl":true,"settingRebuildPath":true,"settingFollowRedirects":"global","_type":"request"},{"_id":"req_8593d565194a4d74a6bee338ca49b30b","parentId":"wrk_cadae2f5698b4cbeabd46abf1d920b46","modified":1661540885448,"created":1661540879696,"url":"http://localhost:3000/duplicatas/duplicataspagas","name":"duplicatas_pagas","description":"","method":"GET","body":{},"parameters":[],"headers":[],"authentication":{},"metaSortKey":-1661538696212.875,"isPrivate":false,"settingStoreCookies":true,"settingSendCookies":true,"settingDisableRenderRequestBody":false,"settingEncodeUrl":true,"settingRebuildPath":true,"settingFollowRedirects":"global","_type":"request"},{"_id":"req_5376a3f5f5904a098217b8b54566ebcb","parentId":"wrk_cadae2f5698b4cbeabd46abf1d920b46","modified":1662385619588,"created":1662384990714,"url":"http://localhost:5000/lojinha/produto?cod","name":"New Request","description":"","method":"GET","body":{},"parameters":[],"headers":[],"authentication":{},"metaSortKey":-1662384990714,"isPrivate":false,"settingStoreCookies":true,"settingSendCookies":true,"settingDisableRenderRequestBody":false,"settingEncodeUrl":true,"settingRebuildPath":true,"settingFollowRedirects":"global","_type":"request"},{"_id":"req_0ac4904ec0ff411f97281b59f1376ec0","parentId":"wrk_8c79b751e6774e5db95e6edf864bb6c0","modified":1662461999079,"created":1662385665009,"url":"http://localhost:3000/produtos","name":"Listar","description":"","method":"GET","body":{},"parameters":[],"headers":[],"authentication":{},"metaSortKey":-1662385665009,"isPrivate":false,"settingStoreCookies":true,"settingSendCookies":true,"settingDisableRenderRequestBody":false,"settingEncodeUrl":true,"settingRebuildPath":true,"settingFollowRedirects":"global","_type":"request"},{"_id":"wrk_8c79b751e6774e5db95e6edf864bb6c0","parentId":null,"modified":1662385661409,"created":1662385661409,"name":"lojinha","description":"","scope":"collection","_type":"workspace"},{"_id":"req_756d4b0303e34498a2e6cd34fb1b0e5e","parentId":"wrk_8c79b751e6774e5db95e6edf864bb6c0","modified":1662720697418,"created":1662385749505,"url":"http://localhost:3000/produto","name":"Excluir","description":"","method":"DELETE","body":{"mimeType":"application/json","text":"\t{\n\t\t\"id\": 1,\n\t\t\"cod\": \"CJ1234\",\n\t\t\"nome\": \"Calça Jeans Super Confortavel\",\n\t\t\"quantidade\": 10,\n\t\t\"preco\": 90\n\t}"},"parameters":[],"headers":[{"name":"Content-Type","value":"application/json","id":"pair_417e089bd79c4f929f23d06ec33b0c6c"}],"authentication":{},"metaSortKey":-1662385749505,"isPrivate":false,"settingStoreCookies":true,"settingSendCookies":true,"settingDisableRenderRequestBody":false,"settingEncodeUrl":true,"settingRebuildPath":true,"settingFollowRedirects":"global","_type":"request"},{"_id":"req_0801c742a6d241c580001863bc12b66a","parentId":"wrk_8c79b751e6774e5db95e6edf864bb6c0","modified":1662720696940,"created":1662385757488,"url":"http://localhost:3000/funcionarios","name":"Cadastrar","description":"","method":"POST","body":{"mimeType":"application/json","text":"\t{\n\t\t\"id\":2,\n\t\t\"cod\": \"Ca1234\",\n\t\t\"nome\": \"Camiseta fofa\",\n\t\t\"quantidade\": 50,\n\t\t\"preco\": 90\n\t}"},"parameters":[],"headers":[{"name":"Content-Type","value":"application/json","id":"pair_9ce60b5ed3274fce81bb5835ae95c36d"}],"authentication":{},"metaSortKey":-1662385757488,"isPrivate":false,"settingStoreCookies":true,"settingSendCookies":true,"settingDisableRenderRequestBody":false,"settingEncodeUrl":true,"settingRebuildPath":true,"settingFollowRedirects":"global","_type":"request"},{"_id":"req_823bff2f3f6b47ae91f10bf8285e2caf","parentId":"wrk_8c79b751e6774e5db95e6edf864bb6c0","modified":1662461961852,"created":1662386245945,"url":"http://localhost:3000/produtos","name":"Editar","description":"","method":"PUT","body":{"mimeType":"application/json","text":"\t{\n\t\t\"cod\": \"CJ1234\",\n\t\t\"nome\": \"Calça Jeans Super Confortavel\",\n\t\t\"quantidade\": 10,\n\t\t\"preco\": 120.1\n\t}"},"parameters":[],"headers":[{"name":"Content-Type","value":"application/json","id":"pair_c8f18e8c61a4406eab686b2869aec41a"}],"authentication":{},"metaSortKey":-1662386245945,"isPrivate":false,"settingStoreCookies":true,"settingSendCookies":true,"settingDisableRenderRequestBody":false,"settingEncodeUrl":true,"settingRebuildPath":true,"settingFollowRedirects":"global","_type":"request"},{"_id":"req_027a74beab71405b89ab9930f02a9b48","parentId":"wrk_8c79b751e6774e5db95e6edf864bb6c0","modified":1662473646761,"created":1662473582907,"url":"http://localhost:3000/funcionarios","name":"funcionarios","description":"","method":"GET","body":{},"parameters":[],"headers":[],"authentication":{},"metaSortKey":-1662473582907,"isPrivate":false,"settingStoreCookies":true,"settingSendCookies":true,"settingDisableRenderRequestBody":false,"settingEncodeUrl":true,"settingRebuildPath":true,"settingFollowRedirects":"global","_type":"request"},{"_id":"req_a8fe943cd7144a0ba901053ca1074a93","parentId":"wrk_858b5cb480ce40b7860f032335e97822","modified":1662729351956,"created":1662720715634,"url":"http://localhost:3000/livrocaixa/lancamentos","name":"criar","description":"","method":"POST","body":{"mimeType":"application/json","text":"{\n\t\"descricao\":\"outroo\",\n\t\"valor\":120,\n\t\"tipo\":\"C\"\n}"},"parameters":[],"headers":[{"name":"Content-Type","value":"application/json","id":"pair_9b928a43d8a74908abdb7cdde54fd650"}],"authentication":{},"metaSortKey":-1662720715634,"isPrivate":false,"settingStoreCookies":true,"settingSendCookies":true,"settingDisableRenderRequestBody":false,"settingEncodeUrl":true,"settingRebuildPath":true,"settingFollowRedirects":"global","_type":"request"},{"_id":"wrk_858b5cb480ce40b7860f032335e97822","parentId":null,"modified":1662720712382,"created":1662720712382,"name":"lancamenytos","description":"","scope":"collection","_type":"workspace"},{"_id":"req_3ce603eceeb044eab8b0be1aee81eba0","parentId":"wrk_858b5cb480ce40b7860f032335e97822","modified":1662722970740,"created":1662722956633,"url":"http://localhost:3000/livrocaixa/lancamentos","name":"listar todos","description":"","method":"GET","body":{},"parameters":[],"headers":[],"authentication":{},"metaSortKey":-1662722956633,"isPrivate":false,"settingStoreCookies":true,"settingSendCookies":true,"settingDisableRenderRequestBody":false,"settingEncodeUrl":true,"settingRebuildPath":true,"settingFollowRedirects":"global","_type":"request"},{"_id":"req_3d4f36e1ecda41a3a62193f3bebd135f","parentId":"wrk_858b5cb480ce40b7860f032335e97822","modified":1662729602660,"created":1662729357142,"url":"http://localhost:3000/locacoes/usuarios","name":"New Request","description":"","method":"GET","body":{},"parameters":[],"headers":[],"authentication":{},"metaSortKey":-1662729357142,"isPrivate":false,"settingStoreCookies":true,"settingSendCookies":true,"settingDisableRenderRequestBody":false,"settingEncodeUrl":true,"settingRebuildPath":true,"settingFollowRedirects":"global","_type":"request"},{"_id":"req_89bb20d6160f49b7885ccecb05bccfcd","parentId":"wrk_51f97ad6a63d4ffb9cb2b6e65531ca81","modified":1663157261862,"created":1662729627812,"url":"http://localhost:3000/locacoes/usuarios","name":"usuarios","description":"","method":"GET","body":{},"parameters":[],"headers":[],"authentication":{},"metaSortKey":-1662729627812,"isPrivate":false,"settingStoreCookies":true,"settingSendCookies":true,"settingDisableRenderRequestBody":false,"settingEncodeUrl":true,"settingRebuildPath":true,"settingFollowRedirects":"global","_type":"request"},{"_id":"wrk_51f97ad6a63d4ffb9cb2b6e65531ca81","parentId":null,"modified":1662729624934,"created":1662729624934,"name":"locar","description":"","scope":"collection","_type":"workspace"},{"_id":"req_e3fb6470b4f9495fae74daea3187b020","parentId":"wrk_51f97ad6a63d4ffb9cb2b6e65531ca81","modified":1662729695047,"created":1662729666685,"url":"http://localhost:3000/locacoes/filmes","name":"filmes","description":"","method":"GET","body":{},"parameters":[],"headers":[],"authentication":{},"metaSortKey":-1662729666685,"isPrivate":false,"settingStoreCookies":true,"settingSendCookies":true,"settingDisableRenderRequestBody":false,"settingEncodeUrl":true,"settingRebuildPath":true,"settingFollowRedirects":"global","_type":"request"},{"_id":"req_3ca09608120e4051970a11db858971e3","parentId":"wrk_51f97ad6a63d4ffb9cb2b6e65531ca81","modified":1662729702665,"created":1662729671797,"url":"http://localhost:3000/locacoes/aluga","name":"aluga","description":"","method":"GET","body":{},"parameters":[],"headers":[],"authentication":{},"metaSortKey":-1662729671797,"isPrivate":false,"settingStoreCookies":true,"settingSendCookies":true,"settingDisableRenderRequestBody":false,"settingEncodeUrl":true,"settingRebuildPath":true,"settingFollowRedirects":"global","_type":"request"},{"_id":"req_0f362b6b30b64f578540ec310cbbb192","parentId":"wrk_51f97ad6a63d4ffb9cb2b6e65531ca81","modified":1663159548379,"created":1663157374388,"url":"http://localhost:3000/locacoes/usuarios","name":"cadastrar","description":"","method":"POST","body":{"mimeType":"application/json","text":"{\n\t\"nome\": \"jose\",\n\t\"endereco\": \"Casinhas\",\n\t\"telefone\": \"19 91999-0987\"\n}"},"parameters":[],"headers":[{"name":"Content-Type","value":"application/json","id":"pair_0a632671b9974a9cb7a4fb162caa6cf4"}],"authentication":{},"metaSortKey":-1663157374388,"isPrivate":false,"settingStoreCookies":true,"settingSendCookies":true,"settingDisableRenderRequestBody":false,"settingEncodeUrl":true,"settingRebuildPath":true,"settingFollowRedirects":"global","_type":"request"},{"_id":"req_891beb4dda134cee87199d72ee5ebed6","parentId":"wrk_51f97ad6a63d4ffb9cb2b6e65531ca81","modified":1663159431322,"created":1663159360266,"url":"http://localhost:3000/locacoes/vw_devolucoes","name":"vw","description":"","method":"GET","body":{},"parameters":[],"headers":[],"authentication":{},"metaSortKey":-1663159360266,"isPrivate":false,"settingStoreCookies":true,"settingSendCookies":true,"settingDisableRenderRequestBody":false,"settingEncodeUrl":true,"settingRebuildPath":true,"settingFollowRedirects":"global","_type":"request"},{"_id":"req_9e094c84babf4059ae04f68dda0e0d49","parentId":"wrk_7e2f60f9a8b34274beec5631c4084ab2","modified":1664373896990,"created":1664373811496,"url":"http://localhost:3000/patrimonio/itens","name":"readAll-itens","description":"","method":"GET","body":{"mimeType":"application/json","text":""},"parameters":[],"headers":[{"name":"Content-Type","value":"application/json"}],"authentication":{},"metaSortKey":-1664373811496,"isPrivate":false,"settingStoreCookies":true,"settingSendCookies":true,"settingDisableRenderRequestBody":false,"settingEncodeUrl":true,"settingRebuildPath":true,"settingFollowRedirects":"global","_type":"request"},{"_id":"wrk_7e2f60f9a8b34274beec5631c4084ab2","parentId":null,"modified":1664373805382,"created":1664373805382,"name":"patrimonio","description":"","scope":"collection","_type":"workspace"},{"_id":"req_015569af37b0443a9dcd741d8f454afe","parentId":"wrk_7e2f60f9a8b34274beec5631c4084ab2","modified":1664373889824,"created":1664373863108,"url":"http://localhost:3000/patrimonio/itens","name":"create-itens","description":"","method":"POST","body":{"mimeType":"application/json","text":""},"parameters":[],"headers":[{"name":"Content-Type","value":"application/json","id":"pair_638e8aa406ed4c9795ea8a7ccdf58d3d"}],"authentication":{},"metaSortKey":-1663766585881,"isPrivate":false,"settingStoreCookies":true,"settingSendCookies":true,"settingDisableRenderRequestBody":false,"settingEncodeUrl":true,"settingRebuildPath":true,"settingFollowRedirects":"global","_type":"request"},{"_id":"req_549be01a35e44ab891e69bcf1141f53e","parentId":"wrk_7e2f60f9a8b34274beec5631c4084ab2","modified":1664373904168,"created":1664373883242,"url":"http://localhost:3000/patrimonio/itens","name":"delete-itens","description":"","method":"DELETE","body":{"mimeType":"application/json","text":""},"parameters":[],"headers":[{"name":"Content-Type","value":"application/json"}],"authentication":{},"metaSortKey":-1663462973073.5,"isPrivate":false,"settingStoreCookies":true,"settingSendCookies":true,"settingDisableRenderRequestBody":false,"settingEncodeUrl":true,"settingRebuildPath":true,"settingFollowRedirects":"global","_type":"request"},{"_id":"req_26b1132e0a1346fb93b72870c43f22ac","parentId":"wrk_2cab6455a3574b398268e1ec35f4169a","modified":1664968180867,"created":1664373840215,"url":"http://localhost:3000/Patrimonio/itens/data/2009-10-06","name":"readAll-itens","description":"","method":"GET","body":{},"parameters":[],"headers":[],"authentication":{},"metaSortKey":-1664373840215,"isPrivate":false,"settingStoreCookies":true,"settingSendCookies":true,"settingDisableRenderRequestBody":false,"settingEncodeUrl":true,"settingRebuildPath":true,"settingFollowRedirects":"global","_type":"request"},{"_id":"wrk_2cab6455a3574b398268e1ec35f4169a","parentId":null,"modified":1664373836757,"created":1664373836757,"name":"Patrimonio","description":"","scope":"collection","_type":"workspace"},{"_id":"req_9450d7cc4c6749b786c8aa5e09b97aac","parentId":"wrk_2cab6455a3574b398268e1ec35f4169a","modified":1664968041082,"created":1664373899874,"url":"http://localhost:3000/Patrimonio/itens","name":"create-itens","description":"","method":"POST","body":{"mimeType":"application/json","text":"\t{\n\t\t\"ni\": 10036,\n\t\t\"aquisicao\": \"2009-10-06\",\n\t\t\"denominacao\": \"TORNO CNC SIEMENS\",\n\t\t\"valor\": 25500.00,\n\t\t\"img\": \"default.png\"\n\t}"},"parameters":[],"headers":[{"name":"Content-Type","value":"application/json"}],"authentication":{},"metaSortKey":-1664065594588.5,"isPrivate":false,"settingStoreCookies":true,"settingSendCookies":true,"settingDisableRenderRequestBody":false,"settingEncodeUrl":true,"settingRebuildPath":true,"settingFollowRedirects":"global","_type":"request"},{"_id":"req_c025d7cbc4a447359ee12beb46b3a3a7","parentId":"wrk_2cab6455a3574b398268e1ec35f4169a","modified":1664882627192,"created":1664373933606,"url":"http://localhost:3000/Patrimonio/itens","name":"delete-itens","description":"","method":"DELETE","body":{"mimeType":"application/json","text":""},"parameters":[],"headers":[{"name":"Content-Type","value":"application/json","id":"pair_d1c75d1474f94055801c39cc5c84bf16"}],"authentication":{},"metaSortKey":-1663911471775.25,"isPrivate":false,"settingStoreCookies":true,"settingSendCookies":true,"settingDisableRenderRequestBody":false,"settingEncodeUrl":true,"settingRebuildPath":true,"settingFollowRedirects":"global","_type":"request"},{"_id":"req_fb3cbce49a53496fa478ffda4a9c9df5","parentId":"wrk_2cab6455a3574b398268e1ec35f4169a","modified":1664968075460,"created":1664968046945,"url":"http://localhost:3000/Patrimonio/itens/10010","name":"readni","description":"","method":"GET","body":{},"parameters":[],"headers":[],"authentication":{},"metaSortKey":-1664968046945,"isPrivate":false,"settingStoreCookies":true,"settingSendCookies":true,"settingDisableRenderRequestBody":false,"settingEncodeUrl":true,"settingRebuildPath":true,"settingFollowRedirects":"global","_type":"request"},{"_id":"req_0b1a1c1dc168401dba448a0c9d0888be","parentId":"wrk_2cab6455a3574b398268e1ec35f4169a","modified":1664968102040,"created":1664968093115,"url":"http://localhost:3000/Patrimonio/itens/2022-09-12","name":"readData","description":"","method":"GET","body":{},"parameters":[],"headers":[],"authentication":{},"metaSortKey":-1664373825855.5,"isPrivate":false,"settingStoreCookies":true,"settingSendCookies":true,"settingDisableRenderRequestBody":false,"settingEncodeUrl":true,"settingRebuildPath":true,"settingFollowRedirects":"global","_type":"request"},{"_id":"req_51af7cab79634026b354a0291d7f63de","parentId":"wrk_2cab6455a3574b398268e1ec35f4169a","modified":1664968184504,"created":1664968165885,"url":"http://localhost:3000/Patrimonio/itens/nome/SERVIDOR ESCOLA MX203 ITAUTEC","name":"readNome","description":"","method":"GET","body":{},"parameters":[],"headers":[],"authentication":{},"metaSortKey":-1664373833035.25,"isPrivate":false,"settingStoreCookies":true,"settingSendCookies":true,"settingDisableRenderRequestBody":false,"settingEncodeUrl":true,"settingRebuildPath":true,"settingFollowRedirects":"global","_type":"request"},{"_id":"req_ba30d80605b64004bf94a46851a7adfe","parentId":"wrk_a056d780851548bb87b0afb4725630a6","modified":1665143130076,"created":1664974373192,"url":"http://localhost:5000/solicitacoes/View_Solicitacoes","name":"ListarSolicitacoes","description":"","method":"GET","body":{},"parameters":[],"headers":[],"authentication":{},"metaSortKey":-1664974373192,"isPrivate":false,"settingStoreCookies":true,"settingSendCookies":true,"settingDisableRenderRequestBody":false,"settingEncodeUrl":true,"settingRebuildPath":true,"settingFollowRedirects":"global","_type":"request"},{"_id":"wrk_a056d780851548bb87b0afb4725630a6","parentId":null,"modified":1664974370801,"created":1664974370801,"name":"Solicitacoes","description":"","scope":"collection","_type":"workspace"},{"_id":"req_914c1accb08c464a8dad0f5aa31d309c","parentId":"wrk_a056d780851548bb87b0afb4725630a6","modified":1665143116553,"created":1664974447634,"url":"http://localhost:5000/solicitacoes/solicita_um_item","name":"CriarSolicitacoes","description":"","method":"POST","body":{"mimeType":"application/json","text":"{\n\t\"n_sol\": \"1099\",\n\t\"depto\": \"1000\",\n\t\"func\": \"150\",\n\t\"prod\": \"125\",\n\t\"qtd\": \"1\",\n\t\"total\": \"1.23\"\n}"},"parameters":[],"headers":[{"name":"Content-Type","value":"application/json","id":"pair_dab8e6713cc74237b2fecd9f12475beb"}],"authentication":{},"metaSortKey":-1664974447634,"isPrivate":false,"settingStoreCookies":true,"settingSendCookies":true,"settingDisableRenderRequestBody":false,"settingEncodeUrl":true,"settingRebuildPath":true,"settingFollowRedirects":"global","_type":"request"},{"_id":"req_213471f19d304241a1c43d7248cb1812","parentId":"wrk_a056d780851548bb87b0afb4725630a6","modified":1665144273010,"created":1665141258014,"url":"http://localhost:5000/solicitacoes/Departamentos/2003","name":"apagar","description":"","method":"DELETE","body":{},"parameters":[],"headers":[],"authentication":{},"metaSortKey":-1664971210068.5,"isPrivate":false,"settingStoreCookies":true,"settingSendCookies":true,"settingDisableRenderRequestBody":false,"settingEncodeUrl":true,"settingRebuildPath":true,"settingFollowRedirects":"global","_type":"request"},{"_id":"req_49db2d7b029f433c9dd239e01fb22739","parentId":"wrk_a056d780851548bb87b0afb4725630a6","modified":1665141830243,"created":1665141823831,"url":"http://localhost:5000/solicitacoes/Produtos","name":"ListarProdutos","description":"","method":"GET","body":{},"parameters":[],"headers":[],"authentication":{},"metaSortKey":-1664972791630.25,"isPrivate":false,"settingStoreCookies":true,"settingSendCookies":true,"settingDisableRenderRequestBody":false,"settingEncodeUrl":true,"settingRebuildPath":true,"settingFollowRedirects":"global","_type":"request"},{"_id":"req_8b2fc3fea15c474db170fd4ed6c688ba","parentId":"wrk_a056d780851548bb87b0afb4725630a6","modified":1665143057399,"created":1665142158679,"url":"http://localhost:5000/solicitacoes/Produtos","name":"CriarProdutos","description":"","method":"POST","body":{"mimeType":"application/json","text":"{\n\t\"Cod_Produto\": \"156\",\n\t\"Nome_Produto\": \"Mouse\"\n}"},"parameters":[],"headers":[{"name":"Content-Type","value":"application/json","id":"pair_dab8e6713cc74237b2fecd9f12475beb"}],"authentication":{},"metaSortKey":-1664974410413,"isPrivate":false,"settingStoreCookies":true,"settingSendCookies":true,"settingDisableRenderRequestBody":false,"settingEncodeUrl":true,"settingRebuildPath":true,"settingFollowRedirects":"global","_type":"request"},{"_id":"req_745a2a3813b14e7083e1073644581bc5","parentId":"wrk_a056d780851548bb87b0afb4725630a6","modified":1665144296142,"created":1665142649913,"url":"http://localhost:5000/solicitacoes/Departamentos","name":"CriarDepartamento","description":"","method":"POST","body":{"mimeType":"application/json","text":"{\n\t\"Cod_Depto\": \"2003\",\n\t\"Nome_Depto\": \"Desenvolvimento\"\n}"},"parameters":[],"headers":[{"name":"Content-Type","value":"application/json","id":"pair_dab8e6713cc74237b2fecd9f12475beb"}],"authentication":{},"metaSortKey":-1664974391802.5,"isPrivate":false,"settingStoreCookies":true,"settingSendCookies":true,"settingDisableRenderRequestBody":false,"settingEncodeUrl":true,"settingRebuildPath":true,"settingFollowRedirects":"global","_type":"request"},{"_id":"req_a933bf8350e24234b6a916c5e8d5bead","parentId":"wrk_a056d780851548bb87b0afb4725630a6","modified":1665143385807,"created":1665143379930,"url":"http://localhost:5000/solicitacoes/Departamentos","name":"ListarDep","description":"","method":"GET","body":{},"parameters":[],"headers":[],"authentication":{},"metaSortKey":-1664972000849.375,"isPrivate":false,"settingStoreCookies":true,"settingSendCookies":true,"settingDisableRenderRequestBody":false,"settingEncodeUrl":true,"settingRebuildPath":true,"settingFollowRedirects":"global","_type":"request"},{"_id":"req_4d356a2cba6d4faaaa41be5827547aa3","parentId":"wrk_a056d780851548bb87b0afb4725630a6","modified":1665144236986,"created":1665143857255,"url":"http://localhost:5000/solicitacoes/Solicitacoes/2018","name":"ListarSolicitacoesData","description":"","method":"GET","body":{},"parameters":[],"headers":[],"authentication":{},"metaSortKey":-1664971605458.9375,"isPrivate":false,"settingStoreCookies":true,"settingSendCookies":true,"settingDisableRenderRequestBody":false,"settingEncodeUrl":true,"settingRebuildPath":true,"settingFollowRedirects":"global","_type":"request"},{"_id":"req_599681ab6a184f8b9d674e694a073f1d","parentId":"wrk_a056d780851548bb87b0afb4725630a6","modified":1665148076828,"created":1665145023340,"url":"http://localhost:5000/solicitacoes/Prod_Dep/mouse","name":"ListarProdNome","description":"","method":"GET","body":{},"parameters":[],"headers":[],"authentication":{},"metaSortKey":-1664971407763.7188,"isPrivate":false,"settingStoreCookies":true,"settingSendCookies":true,"settingDisableRenderRequestBody":false,"settingEncodeUrl":true,"settingRebuildPath":true,"settingFollowRedirects":"global","_type":"request"},{"_id":"req_a32b3c149ce24db0b5ccc1704edd721d","parentId":"wrk_a056d780851548bb87b0afb4725630a6","modified":1665148042003,"created":1665147129859,"url":"http://localhost:5000/solicitacoes/Solicitacoes/20","name":"ListarTotal","description":"","method":"GET","body":{},"parameters":[],"headers":[],"authentication":{},"metaSortKey":-1664971308916.1094,"isPrivate":false,"settingStoreCookies":true,"settingSendCookies":true,"settingDisableRenderRequestBody":false,"settingEncodeUrl":true,"settingRebuildPath":true,"settingFollowRedirects":"global","_type":"request"},{"_id":"env_6f0b264736a435918a29b9294adb8e75cfa895ef","parentId":"wrk_5331245fe5d8413f9bef9d2d8bd860f6","modified":1660564059053,"created":1660564059053,"name":"Base Environment","data":{},"dataPropertyOrder":null,"color":null,"isPrivate":false,"metaSortKey":1660564059053,"_type":"environment"},{"_id":"jar_6f0b264736a435918a29b9294adb8e75cfa895ef","parentId":"wrk_5331245fe5d8413f9bef9d2d8bd860f6","modified":1660564059055,"created":1660564059055,"name":"Default Jar","cookies":[],"_type":"cookie_jar"},{"_id":"spc_1d3fc79ff3844684980b1e68905c790d","parentId":"wrk_5331245fe5d8413f9bef9d2d8bd860f6","modified":1660564059049,"created":1660564059049,"fileName":"pedidos","contents":"","contentType":"yaml","_type":"api_spec"},{"_id":"env_f9cf88dbe7b8044f34069b9c53c8f35711868b2b","parentId":"wrk_c44afb13ea204bbd9aa15727e111323f","modified":1661436925596,"created":1661436925596,"name":"Base Environment","data":{},"dataPropertyOrder":null,"color":null,"isPrivate":false,"metaSortKey":1661436925596,"_type":"environment"},{"_id":"jar_f9cf88dbe7b8044f34069b9c53c8f35711868b2b","parentId":"wrk_c44afb13ea204bbd9aa15727e111323f","modified":1661436925604,"created":1661436925604,"name":"Default Jar","cookies":[],"_type":"cookie_jar"},{"_id":"spc_eadc6a1582a44e778d5fde7f5bc0aedf","parentId":"wrk_c44afb13ea204bbd9aa15727e111323f","modified":1661436925585,"created":1661436925585,"fileName":"Clientes","contents":"","contentType":"yaml","_type":"api_spec"},{"_id":"env_12a0e31caeebbb8f5540c878ea3f208b961e32bd","parentId":"wrk_cadae2f5698b4cbeabd46abf1d920b46","modified":1661540754093,"created":1661540754093,"name":"Base Environment","data":{},"dataPropertyOrder":null,"color":null,"isPrivate":false,"metaSortKey":1661540754093,"_type":"environment"},{"_id":"jar_12a0e31caeebbb8f5540c878ea3f208b961e32bd","parentId":"wrk_cadae2f5698b4cbeabd46abf1d920b46","modified":1661540754094,"created":1661540754094,"name":"Default Jar","cookies":[],"_type":"cookie_jar"},{"_id":"spc_8def5dbb79e340f2bd1197a0d621d73b","parentId":"wrk_cadae2f5698b4cbeabd46abf1d920b46","modified":1661540754086,"created":1661540754086,"fileName":"duplicatas","contents":"","contentType":"yaml","_type":"api_spec"},{"_id":"env_bdacc95837533d717cdab9284493f45ac6d77028","parentId":"wrk_8c79b751e6774e5db95e6edf864bb6c0","modified":1662385661431,"created":1662385661431,"name":"Base Environment","data":{},"dataPropertyOrder":null,"color":null,"isPrivate":false,"metaSortKey":1662385661431,"_type":"environment"},{"_id":"jar_bdacc95837533d717cdab9284493f45ac6d77028","parentId":"wrk_8c79b751e6774e5db95e6edf864bb6c0","modified":1662385661433,"created":1662385661433,"name":"Default Jar","cookies":[],"_type":"cookie_jar"},{"_id":"spc_1370c6571826483fa6e530239ace6ae6","parentId":"wrk_8c79b751e6774e5db95e6edf864bb6c0","modified":1662385661420,"created":1662385661420,"fileName":"lojinha","contents":"","contentType":"yaml","_type":"api_spec"},{"_id":"env_de11a785005afed58304fd96991d6a302f8414b7","parentId":"wrk_858b5cb480ce40b7860f032335e97822","modified":1662720712389,"created":1662720712389,"name":"Base Environment","data":{},"dataPropertyOrder":null,"color":null,"isPrivate":false,"metaSortKey":1662720712389,"_type":"environment"},{"_id":"jar_de11a785005afed58304fd96991d6a302f8414b7","parentId":"wrk_858b5cb480ce40b7860f032335e97822","modified":1662720712392,"created":1662720712392,"name":"Default Jar","cookies":[],"_type":"cookie_jar"},{"_id":"spc_70532cd426a8494581247af15dfd26e0","parentId":"wrk_858b5cb480ce40b7860f032335e97822","modified":1662720712384,"created":1662720712384,"fileName":"lancamenytos","contents":"","contentType":"yaml","_type":"api_spec"},{"_id":"env_19cc446ef708f62bb11e1288f5538977285dc3f1","parentId":"wrk_51f97ad6a63d4ffb9cb2b6e65531ca81","modified":1662729624940,"created":1662729624940,"name":"Base Environment","data":{},"dataPropertyOrder":null,"color":null,"isPrivate":false,"metaSortKey":1662729624940,"_type":"environment"},{"_id":"jar_19cc446ef708f62bb11e1288f5538977285dc3f1","parentId":"wrk_51f97ad6a63d4ffb9cb2b6e65531ca81","modified":1662729624942,"created":1662729624942,"name":"Default Jar","cookies":[],"_type":"cookie_jar"},{"_id":"spc_eb63726c73eb49bba8fbc7b3815138ea","parentId":"wrk_51f97ad6a63d4ffb9cb2b6e65531ca81","modified":1662729624935,"created":1662729624935,"fileName":"locar","contents":"","contentType":"yaml","_type":"api_spec"},{"_id":"env_b7d5d2f395433f10b7096aa04b20b1745527ec41","parentId":"wrk_7e2f60f9a8b34274beec5631c4084ab2","modified":1664373805388,"created":1664373805388,"name":"Base Environment","data":{},"dataPropertyOrder":null,"color":null,"isPrivate":false,"metaSortKey":1664373805388,"_type":"environment"},{"_id":"jar_b7d5d2f395433f10b7096aa04b20b1745527ec41","parentId":"wrk_7e2f60f9a8b34274beec5631c4084ab2","modified":1664373805391,"created":1664373805391,"name":"Default Jar","cookies":[],"_type":"cookie_jar"},{"_id":"spc_821ee499b6b8456d8a286894d2a54f0b","parentId":"wrk_7e2f60f9a8b34274beec5631c4084ab2","modified":1664373805384,"created":1664373805384,"fileName":"patrimonio","contents":"","contentType":"yaml","_type":"api_spec"},{"_id":"env_ac83dc962203bf9697ffbf324e78d6198daf4206","parentId":"wrk_2cab6455a3574b398268e1ec35f4169a","modified":1664373836781,"created":1664373836781,"name":"Base Environment","data":{},"dataPropertyOrder":null,"color":null,"isPrivate":false,"metaSortKey":1664373836781,"_type":"environment"},{"_id":"jar_ac83dc962203bf9697ffbf324e78d6198daf4206","parentId":"wrk_2cab6455a3574b398268e1ec35f4169a","modified":1664373836787,"created":1664373836787,"name":"Default Jar","cookies":[],"_type":"cookie_jar"},{"_id":"spc_148cf89454a24967b7224ba8acaeba35","parentId":"wrk_2cab6455a3574b398268e1ec35f4169a","modified":1664373836766,"created":1664373836766,"fileName":"Patrimonio","contents":"","contentType":"yaml","_type":"api_spec"},{"_id":"env_9beda195b3fc4929bb25b606968e7aac12303d14","parentId":"wrk_a056d780851548bb87b0afb4725630a6","modified":1664974370813,"created":1664974370813,"name":"Base Environment","data":{},"dataPropertyOrder":null,"color":null,"isPrivate":false,"metaSortKey":1664974370813,"_type":"environment"},{"_id":"jar_9beda195b3fc4929bb25b606968e7aac12303d14","parentId":"wrk_a056d780851548bb87b0afb4725630a6","modified":1664974370815,"created":1664974370815,"name":"Default Jar","cookies":[],"_type":"cookie_jar"},{"_id":"spc_f9ece56e3e7d4520b505fadc26232085","parentId":"wrk_a056d780851548bb87b0afb4725630a6","modified":1664974370805,"created":1664974370805,"fileName":"Solicitacoes","contents":"","contentType":"yaml","_type":"api_spec"}]}